--
-- PostgreSQL database dump
--

\restrict Zs5aCLusExwb0HNoj6hqMatZSe5500U9922QWprqAz5q5Gc0FugkmeEHfhvRT6j

-- Dumped from database version 17.6
-- Dumped by pg_dump version 17.6

SET statement_timeout = 0;
SET lock_timeout = 0;
SET idle_in_transaction_session_timeout = 0;
SET transaction_timeout = 0;
SET client_encoding = 'UTF8';
SET standard_conforming_strings = on;
SELECT pg_catalog.set_config('search_path', '', false);
SET check_function_bodies = false;
SET xmloption = content;
SET client_min_messages = warning;
SET row_security = off;

SET default_tablespace = '';

SET default_table_access_method = heap;

--
-- Name: aluno; Type: TABLE; Schema: public; Owner: postgres
--

CREATE TABLE public.aluno (
    id bigint NOT NULL,
    ano_ingresso integer,
    cpf character varying(255) NOT NULL,
    nome character varying(255) NOT NULL,
    periodo_atual integer,
    ra character varying(255) NOT NULL
);


ALTER TABLE public.aluno OWNER TO postgres;

--
-- Name: aluno_disciplina; Type: TABLE; Schema: public; Owner: postgres
--

CREATE TABLE public.aluno_disciplina (
    id bigint NOT NULL,
    faltas1bim integer,
    faltas2bim integer,
    matriculado boolean,
    nota1bim double precision,
    nota2bim double precision,
    situacao character varying(255),
    aluno_id bigint,
    disciplina_id bigint,
    CONSTRAINT aluno_disciplina_situacao_check CHECK (((situacao)::text = ANY ((ARRAY['APROVADO'::character varying, 'REPROVADO'::character varying, 'EM_CURSO'::character varying])::text[])))
);


ALTER TABLE public.aluno_disciplina OWNER TO postgres;

--
-- Name: aluno_disciplina_id_seq; Type: SEQUENCE; Schema: public; Owner: postgres
--

ALTER TABLE public.aluno_disciplina ALTER COLUMN id ADD GENERATED BY DEFAULT AS IDENTITY (
    SEQUENCE NAME public.aluno_disciplina_id_seq
    START WITH 1
    INCREMENT BY 1
    NO MINVALUE
    NO MAXVALUE
    CACHE 1
);


--
-- Name: aluno_id_seq; Type: SEQUENCE; Schema: public; Owner: postgres
--

ALTER TABLE public.aluno ALTER COLUMN id ADD GENERATED BY DEFAULT AS IDENTITY (
    SEQUENCE NAME public.aluno_id_seq
    START WITH 1
    INCREMENT BY 1
    NO MINVALUE
    NO MAXVALUE
    CACHE 1
);


--
-- Name: alunos; Type: TABLE; Schema: public; Owner: postgres
--

CREATE TABLE public.alunos (
    id bigint NOT NULL,
    ano_ingresso integer,
    cpf character varying(255),
    nome character varying(255),
    periodo_atual integer,
    ra character varying(255)
);


ALTER TABLE public.alunos OWNER TO postgres;

--
-- Name: alunos_id_seq; Type: SEQUENCE; Schema: public; Owner: postgres
--

ALTER TABLE public.alunos ALTER COLUMN id ADD GENERATED BY DEFAULT AS IDENTITY (
    SEQUENCE NAME public.alunos_id_seq
    START WITH 1
    INCREMENT BY 1
    NO MINVALUE
    NO MAXVALUE
    CACHE 1
);


--
-- Name: aulas_dadas; Type: TABLE; Schema: public; Owner: postgres
--

CREATE TABLE public.aulas_dadas (
    id bigint NOT NULL,
    data date,
    observacoes character varying(255),
    disciplina_id bigint
);


ALTER TABLE public.aulas_dadas OWNER TO postgres;

--
-- Name: aulas_dadas_id_seq; Type: SEQUENCE; Schema: public; Owner: postgres
--

ALTER TABLE public.aulas_dadas ALTER COLUMN id ADD GENERATED BY DEFAULT AS IDENTITY (
    SEQUENCE NAME public.aulas_dadas_id_seq
    START WITH 1
    INCREMENT BY 1
    NO MINVALUE
    NO MAXVALUE
    CACHE 1
);


--
-- Name: aulas_dadas_presencas; Type: TABLE; Schema: public; Owner: postgres
--

CREATE TABLE public.aulas_dadas_presencas (
    id bigint NOT NULL,
    falta boolean,
    aluno_id bigint,
    aula_dada_id bigint
);


ALTER TABLE public.aulas_dadas_presencas OWNER TO postgres;

--
-- Name: aulas_dadas_presencas_id_seq; Type: SEQUENCE; Schema: public; Owner: postgres
--

ALTER TABLE public.aulas_dadas_presencas ALTER COLUMN id ADD GENERATED BY DEFAULT AS IDENTITY (
    SEQUENCE NAME public.aulas_dadas_presencas_id_seq
    START WITH 1
    INCREMENT BY 1
    NO MINVALUE
    NO MAXVALUE
    CACHE 1
);


--
-- Name: disciplina; Type: TABLE; Schema: public; Owner: postgres
--

CREATE TABLE public.disciplina (
    id bigint NOT NULL,
    codigo character varying(255) NOT NULL,
    descricao character varying(255) NOT NULL,
    ementa character varying(255),
    professor_id bigint,
    nome character varying(255)
);


ALTER TABLE public.disciplina OWNER TO postgres;

--
-- Name: disciplina_id_seq; Type: SEQUENCE; Schema: public; Owner: postgres
--

ALTER TABLE public.disciplina ALTER COLUMN id ADD GENERATED BY DEFAULT AS IDENTITY (
    SEQUENCE NAME public.disciplina_id_seq
    START WITH 1
    INCREMENT BY 1
    NO MINVALUE
    NO MAXVALUE
    CACHE 1
);


--
-- Name: professor; Type: TABLE; Schema: public; Owner: postgres
--

CREATE TABLE public.professor (
    id bigint NOT NULL,
    cpf character varying(255) NOT NULL,
    matricula character varying(255) NOT NULL,
    nome character varying(255) NOT NULL
);


ALTER TABLE public.professor OWNER TO postgres;

--
-- Name: professor_id_seq; Type: SEQUENCE; Schema: public; Owner: postgres
--

ALTER TABLE public.professor ALTER COLUMN id ADD GENERATED BY DEFAULT AS IDENTITY (
    SEQUENCE NAME public.professor_id_seq
    START WITH 1
    INCREMENT BY 1
    NO MINVALUE
    NO MAXVALUE
    CACHE 1
);


--
-- Name: professores; Type: TABLE; Schema: public; Owner: postgres
--

CREATE TABLE public.professores (
    id bigint NOT NULL,
    cpf character varying(255),
    matricula character varying(255),
    nome character varying(255)
);


ALTER TABLE public.professores OWNER TO postgres;

--
-- Name: professores_id_seq; Type: SEQUENCE; Schema: public; Owner: postgres
--

ALTER TABLE public.professores ALTER COLUMN id ADD GENERATED BY DEFAULT AS IDENTITY (
    SEQUENCE NAME public.professores_id_seq
    START WITH 1
    INCREMENT BY 1
    NO MINVALUE
    NO MAXVALUE
    CACHE 1
);


--
-- Data for Name: aluno; Type: TABLE DATA; Schema: public; Owner: postgres
--

COPY public.aluno (id, ano_ingresso, cpf, nome, periodo_atual, ra) FROM stdin;
1	2024	08008009992	Emerson Silva	4	60002531
2	2024	08007509607	Suzana Moreira	4	60002070
3	0	0000000	Rosinha da flor 	0	000000
4	24	8008489498	emerson jose	1	60002533
5	\N			\N	
8	2025	565888	Jovem panda	6	600035
9	2025	88555	Maria	3	60002535
10	2025	08078509995546	Francisco	6	60000
\.


--
-- Data for Name: aluno_disciplina; Type: TABLE DATA; Schema: public; Owner: postgres
--

COPY public.aluno_disciplina (id, faltas1bim, faltas2bim, matriculado, nota1bim, nota2bim, situacao, aluno_id, disciplina_id) FROM stdin;
2	5	20	t	6	5	REPROVADO	1	4
1	5	0	f	60	100	APROVADO	2	4
3	0	2	f	60	55	APROVADO	3	6
\.


--
-- Data for Name: alunos; Type: TABLE DATA; Schema: public; Owner: postgres
--

COPY public.alunos (id, ano_ingresso, cpf, nome, periodo_atual, ra) FROM stdin;
\.


--
-- Data for Name: aulas_dadas; Type: TABLE DATA; Schema: public; Owner: postgres
--

COPY public.aulas_dadas (id, data, observacoes, disciplina_id) FROM stdin;
1	2025-11-29	aula 1	4
2	2025-11-29	Aula dev	4
3	2025-11-29	aula front	4
4	2025-11-29	mais um	4
5	2025-11-29	teste sof	5
\.


--
-- Data for Name: aulas_dadas_presencas; Type: TABLE DATA; Schema: public; Owner: postgres
--

COPY public.aulas_dadas_presencas (id, falta, aluno_id, aula_dada_id) FROM stdin;
1	t	2	1
2	t	2	3
3	t	3	3
\.


--
-- Data for Name: disciplina; Type: TABLE DATA; Schema: public; Owner: postgres
--

COPY public.disciplina (id, codigo, descricao, ementa, professor_id, nome) FROM stdin;
5	80713564	Engenharia de software	Engenharia de software	3	\N
4	438719024	Labtools	Labtools	3	\N
6	655656	Teste de soft	Testar software	5	\N
\.


--
-- Data for Name: professor; Type: TABLE DATA; Schema: public; Owner: postgres
--

COPY public.professor (id, cpf, matricula, nome) FROM stdin;
2	1005893276	65198374	Juliane Frabel
4	80084894466	5454888	Julinha ana
5	010155556	6666666	Jesus Cristo 
3	8048949	5005	Anderson 
6	08888468111	156864465	Rosa
7	8008489498777	6555999	Angela 
8	959595	95959	lUis
\.


--
-- Data for Name: professores; Type: TABLE DATA; Schema: public; Owner: postgres
--

COPY public.professores (id, cpf, matricula, nome) FROM stdin;
1	080785000996	456465456	Marcinho da Roça
2	8088848	445465	julinha
\.


--
-- Name: aluno_disciplina_id_seq; Type: SEQUENCE SET; Schema: public; Owner: postgres
--

SELECT pg_catalog.setval('public.aluno_disciplina_id_seq', 3, true);


--
-- Name: aluno_id_seq; Type: SEQUENCE SET; Schema: public; Owner: postgres
--

SELECT pg_catalog.setval('public.aluno_id_seq', 10, true);


--
-- Name: alunos_id_seq; Type: SEQUENCE SET; Schema: public; Owner: postgres
--

SELECT pg_catalog.setval('public.alunos_id_seq', 1, false);


--
-- Name: aulas_dadas_id_seq; Type: SEQUENCE SET; Schema: public; Owner: postgres
--

SELECT pg_catalog.setval('public.aulas_dadas_id_seq', 5, true);


--
-- Name: aulas_dadas_presencas_id_seq; Type: SEQUENCE SET; Schema: public; Owner: postgres
--

SELECT pg_catalog.setval('public.aulas_dadas_presencas_id_seq', 3, true);


--
-- Name: disciplina_id_seq; Type: SEQUENCE SET; Schema: public; Owner: postgres
--

SELECT pg_catalog.setval('public.disciplina_id_seq', 6, true);


--
-- Name: professor_id_seq; Type: SEQUENCE SET; Schema: public; Owner: postgres
--

SELECT pg_catalog.setval('public.professor_id_seq', 8, true);


--
-- Name: professores_id_seq; Type: SEQUENCE SET; Schema: public; Owner: postgres
--

SELECT pg_catalog.setval('public.professores_id_seq', 2, true);


--
-- Name: aluno_disciplina aluno_disciplina_pkey; Type: CONSTRAINT; Schema: public; Owner: postgres
--

ALTER TABLE ONLY public.aluno_disciplina
    ADD CONSTRAINT aluno_disciplina_pkey PRIMARY KEY (id);


--
-- Name: aluno aluno_pkey; Type: CONSTRAINT; Schema: public; Owner: postgres
--

ALTER TABLE ONLY public.aluno
    ADD CONSTRAINT aluno_pkey PRIMARY KEY (id);


--
-- Name: alunos alunos_pkey; Type: CONSTRAINT; Schema: public; Owner: postgres
--

ALTER TABLE ONLY public.alunos
    ADD CONSTRAINT alunos_pkey PRIMARY KEY (id);


--
-- Name: aulas_dadas aulas_dadas_pkey; Type: CONSTRAINT; Schema: public; Owner: postgres
--

ALTER TABLE ONLY public.aulas_dadas
    ADD CONSTRAINT aulas_dadas_pkey PRIMARY KEY (id);


--
-- Name: aulas_dadas_presencas aulas_dadas_presencas_pkey; Type: CONSTRAINT; Schema: public; Owner: postgres
--

ALTER TABLE ONLY public.aulas_dadas_presencas
    ADD CONSTRAINT aulas_dadas_presencas_pkey PRIMARY KEY (id);


--
-- Name: disciplina disciplina_pkey; Type: CONSTRAINT; Schema: public; Owner: postgres
--

ALTER TABLE ONLY public.disciplina
    ADD CONSTRAINT disciplina_pkey PRIMARY KEY (id);


--
-- Name: professor professor_pkey; Type: CONSTRAINT; Schema: public; Owner: postgres
--

ALTER TABLE ONLY public.professor
    ADD CONSTRAINT professor_pkey PRIMARY KEY (id);


--
-- Name: professores professores_pkey; Type: CONSTRAINT; Schema: public; Owner: postgres
--

ALTER TABLE ONLY public.professores
    ADD CONSTRAINT professores_pkey PRIMARY KEY (id);


--
-- Name: aluno ukcrrvmtky7d9tfarahi4jahewg; Type: CONSTRAINT; Schema: public; Owner: postgres
--

ALTER TABLE ONLY public.aluno
    ADD CONSTRAINT ukcrrvmtky7d9tfarahi4jahewg UNIQUE (cpf);


--
-- Name: disciplina ukeljvghu5wa2lowt86mlf41ldq; Type: CONSTRAINT; Schema: public; Owner: postgres
--

ALTER TABLE ONLY public.disciplina
    ADD CONSTRAINT ukeljvghu5wa2lowt86mlf41ldq UNIQUE (codigo);


--
-- Name: aluno ukh6vnjfpl82o82vn1tx4g75yq3; Type: CONSTRAINT; Schema: public; Owner: postgres
--

ALTER TABLE ONLY public.aluno
    ADD CONSTRAINT ukh6vnjfpl82o82vn1tx4g75yq3 UNIQUE (ra);


--
-- Name: professor ukhbc55xkmu9ty3qpw3y9rehvoc; Type: CONSTRAINT; Schema: public; Owner: postgres
--

ALTER TABLE ONLY public.professor
    ADD CONSTRAINT ukhbc55xkmu9ty3qpw3y9rehvoc UNIQUE (matricula);


--
-- Name: professor ukpk1omryj5cud6uslkepgyfrca; Type: CONSTRAINT; Schema: public; Owner: postgres
--

ALTER TABLE ONLY public.professor
    ADD CONSTRAINT ukpk1omryj5cud6uslkepgyfrca UNIQUE (cpf);


--
-- Name: aluno_disciplina fk2d6owjmreg9h68feolc93w2l2; Type: FK CONSTRAINT; Schema: public; Owner: postgres
--

ALTER TABLE ONLY public.aluno_disciplina
    ADD CONSTRAINT fk2d6owjmreg9h68feolc93w2l2 FOREIGN KEY (aluno_id) REFERENCES public.aluno(id);


--
-- Name: aluno_disciplina fk4jb59gslc8wuq03saq52mjoy4; Type: FK CONSTRAINT; Schema: public; Owner: postgres
--

ALTER TABLE ONLY public.aluno_disciplina
    ADD CONSTRAINT fk4jb59gslc8wuq03saq52mjoy4 FOREIGN KEY (disciplina_id) REFERENCES public.disciplina(id);


--
-- Name: aulas_dadas_presencas fkb95a33nwp4lijfybn57i48isk; Type: FK CONSTRAINT; Schema: public; Owner: postgres
--

ALTER TABLE ONLY public.aulas_dadas_presencas
    ADD CONSTRAINT fkb95a33nwp4lijfybn57i48isk FOREIGN KEY (aluno_id) REFERENCES public.aluno(id);


--
-- Name: aulas_dadas_presencas fklyaw5qql3li2nt7bphpgjmaea; Type: FK CONSTRAINT; Schema: public; Owner: postgres
--

ALTER TABLE ONLY public.aulas_dadas_presencas
    ADD CONSTRAINT fklyaw5qql3li2nt7bphpgjmaea FOREIGN KEY (aula_dada_id) REFERENCES public.aulas_dadas(id);


--
-- Name: disciplina fkoqie7f1kx32b1atco9fpgxd7g; Type: FK CONSTRAINT; Schema: public; Owner: postgres
--

ALTER TABLE ONLY public.disciplina
    ADD CONSTRAINT fkoqie7f1kx32b1atco9fpgxd7g FOREIGN KEY (professor_id) REFERENCES public.professor(id);


--
-- Name: aulas_dadas fkw0wtkbf6sa8wc9qfelpfq78g; Type: FK CONSTRAINT; Schema: public; Owner: postgres
--

ALTER TABLE ONLY public.aulas_dadas
    ADD CONSTRAINT fkw0wtkbf6sa8wc9qfelpfq78g FOREIGN KEY (disciplina_id) REFERENCES public.disciplina(id);


--
-- PostgreSQL database dump complete
--

\unrestrict Zs5aCLusExwb0HNoj6hqMatZSe5500U9922QWprqAz5q5Gc0FugkmeEHfhvRT6j

